"3","4","5"
0.595379020264316,8.4218068127264,4.3278990787023
0.336911139062192,4.7261234938073,4.89180640207094
1.88440794025034,4.98071411641396,7.0812665496702
2.15908646954156,3.37329819989357,11.6084416289741
0.333793702757718,7.54875411166541,4.06113516600886
0.511738714769141,0.408346950613638,8.66747259234232
0.259106067630079,0.427713531064408,2.83751729340863
2.10846935186634,5.90842525052998,18.348060532164
0.30052632185946,7.4049541716437,2.84490227806834
0.997159076871343,1.04785696245116,5.25244107966486
1.17990068085328,5.26656151943245,5.26077029929258
8.96132720822414,5.78970377534382,6.06843374510899
3.95535133848229,2.83539776184264,4.35581579277233
0.305035089960811,4.68620921779187,10.2791379638616
1.92508293814379,5.02635263801613,1.40884424804165
1.1304326999569,4.54208109728473,3.44500065849101
2.20712375116416,2.11640266313593,2.28225485610269
8.40201626425256,1.78456473591532,10.1949954188335
3.19582777349521,5.19192098630598,7.1226450854315
3.45881743939029,1.4789611350535,4.86852714694334
15.665791360939,3.1901353123171,5.84962372040324
3.04431669190801,0.972523189982122,3.80124059269853
1.39910552833823,1.5379169083048,2.32692913172368
0.296123768499306,3.15335487637544,5.20908992783475
3.43362270215211,10.5465234017171,7.14965440257441
5.32976762554682,5.79172880331719,1.3398908366466
0.286264288359018,1.20279578409194,7.49127186802594
6.31822708019916,0.889406004009172,8.57860293036097
0.490447291194293,3.09603334446034,4.35850966324708
3.38423375465077,9.96375581140526,8.340015174124
7.69836678149484,3.77990393263701,1.47657033090168
2.24756026013075,2.92033744796315,1.08578350300414
4.68756907511151,10.6316505961938,4.57727387488169
3.86931402391084,3.71045492738606,8.07792398564387
3.16385204912033,2.65104947715491,2.36956581707291
4.55861358248524,2.42584039012374,0.849829166477626
4.96353688089441,2.40366945390626,8.07056313332235
3.46635386686358,6.60046267708139,6.20554402224595
3.70473750608643,7.58779718636958,4.94293617287048
1.95593049286719,1.26523116431057,8.42139512028116
9.42289387429307,6.34880690882942,3.44039427313829
1.70121025945593,8.28944371981454,16.6273766983341
0.788791729895805,1.72567051851192,3.09452976688949
1.58989240672931,5.87201748065794,0.887659199632783
1.64296218012202,4.12983339782227,2.66213961293206
0.703015980901665,3.30272808205257,6.91724365588502
6.74113352225442,7.27833452291036,13.1424233418079
3.36435696115161,1.47078784177018,1.52303992175042
6.75517653266219,4.08907650317436,0.360910269051211
4.15711280807607,1.27176670422472,2.92130211612555
0.577331416122617,2.20579144121563,1.14729851976246
2.74811203494806,11.1707389471443,2.05201134915014
0.758571567417274,7.0357581714383,3.82991217130576
0.812158584586147,4.8069411668306,8.24495155909261
0.38653761370488,9.57122129210597,2.35155187957852
5.40375208656841,4.21926719995696,4.72872923205215
3.75472142344973,4.92071999787471,3.77943440367281
3.63295967754803,5.88570265223909,2.3188503261378
1.18963472742173,6.92273019776935,2.21876575280483
1.65832774406852,1.46825347108515,8.67358337461941
6.78904784300568,2.8187337785784,6.0434025566861
9.96590730991152,2.48266323126182,7.58904746335025
1.82286993530701,0.202128921111467,4.93995963052199
4.53569244194924,7.93676307765386,2.3285644843886
8.08066919902722,4.07502076634923,2.34752953536619
4.19121718582775,8.08389343646316,1.34908449818535
3.00548640015161,7.86453364305489,3.6840710431705
0.862965534704837,7.86606487657708,0.634320704724243
0.770704423137713,3.57094566638485,2.24849829414162
1.57104676902276,1.32913970945959,1.76496599029431
3.10895039813067,2.91139648948157,0.657627249294734
1.22053625100816,5.69924182224983,1.29823810656197
6.19827797284453,3.287583905873,10.3020367179857
0.860746596418197,3.2034741208903,3.71135342230289
1.6544325161311,6.72689540902312,8.38989174895802
3.20511674699747,4.4268159892315,16.1718518325548
0.566656685689973,1.18431495513465,14.1971137467259
1.61391864730392,2.76341476217167,9.74137253105218
2.90172875392485,6.2028501967394,4.01877752031
4.16689062473797,0.311256839117212,4.42636701606401
2.70877248191913,1.71140922153425,10.1399816823042
0.983008584656196,2.66777143413406,17.1780006509248
1.43336247671705,4.23432922474819,6.42250842421878
1.10857666758685,1.55444120404601,3.32097859117046
1.15269922808286,2.19169991160663,15.3889102770184
0.302615480350714,6.91657568052871,4.35693841845241
0.751407987119837,5.77825518096662,5.97913979472559
2.8394092316383,4.01974988160941,6.50524084101096
7.17857682316172,3.86646786100232,8.25697997485024
1.30573757091753,4.75019633325494,5.85189631415944
3.61361476862875,3.82006939244021,2.86646514790525
1.02086172807585,4.44696025703407,1.63618470154654
1.32952762920622,2.93902532351721,6.3737912764244
1.18109994063956,0.792718359739707,13.1429561340255
1.42810502066488,3.21202387406048,8.84876151914363
6.81714541462482,10.9634220851653,3.4653917080876
3.93683125192225,4.67629936538396,5.49400098351245
1.34265089036796,3.74805979036,6.55561978344955
1.78798908969264,4.40136539999841,6.66595456270857
0.825279037484024,3.22195289423226,6.20372960033385
0.892349099169369,2.84546737793063,6.48305423231482
7.63572916778585,7.41408768194974,4.82835207714809
1.45148503004455,5.02803309037148,3.01362160239377
1.63918271114927,3.75217752881701,2.23283821769132
9.43498213291789,4.13020461665147,4.89256084532635
1.37819694145875,0.462091870703821,5.37768021837738
6.07697480546314,2.09385426727725,3.99622164210878
1.89759418120657,3.25002387445169,0.324598145496375
2.43379005587482,1.58423929094135,4.49411561862334
10.810819733818,3.42326716374214,4.34070988436314
6.26053886055191,1.28007162590292,9.86685126682682
8.31119687525007,1.87004872901412,4.04226991245403
3.89229129451704,1.6833627831891,8.1674599135353
5.4593662333897,6.89278782813111,5.50002600834762
3.01634351127898,12.5907372234965,7.38125939847779
4.86858930649769,7.6485240332164,3.17904278112663
12.625890942874,8.46411067016462,5.42190980417774
3.81630581195497,1.70648286148899,4.25438688114891
0.904512206520526,8.4883501798724,2.80782701162218
0.793147641348233,0.831001798993352,12.9195997235348
2.56510647316258,3.48705264304685,2.72671023058111
3.42411293239074,9.3682362092452,0.519300908060482
3.22691752915769,5.76048655719331,5.89246695615531
11.7231447127761,5.17319861836572,13.9598836666306
1.42909933175117,5.16399525591623,4.4480386611462
0.713159051973975,2.03264535251087,5.5573209262713
0.318301986473029,1.66089725236044,4.08754986074154
0.34810943731232,5.19424311196972,8.76657309540539
0.646335278866349,1.51125047806346,1.35081340109578
3.85427763722003,3.18302193126054,10.9664575182033
7.58941477962739,3.46812353414676,5.65179311354112
2.80538868691237,8.13199961875355,2.44855340482701
2.09420128493083,4.03938698713075,6.68100184332964
1.66051416849631,3.97490902509418,9.55100098039141
3.15089686312985,1.03855884169574,2.61809072589742
1.14439851421535,4.69387034523536,2.71849234478212
6.38183379867202,5.76152629280084,8.97916287167485
0.694491978600642,2.48693659449849,9.11504810386186
0.456185881974011,3.57794739361823,2.27344129200753
1.96665969713393,3.36475665392702,6.55420101606825
0.777989915388368,5.57698412305368,5.53902171923575
2.39519670399394,2.84452870899361,2.48920725078448
0.499626031017355,0.524106979294352,6.16732961098688
2.21521834007107,2.17263448228772,3.30347923897523
4.22165768585309,5.24164094323918,2.01160996936524
3.87507204780908,3.19110506933869,5.00958245034619
5.35730535480644,6.03402916082281,1.99925959522923
2.63953550826114,4.27892525133193,8.0670704776374
6.69910890375436,5.96307937989901,6.16349179328072
9.40879187258482,7.4635036151063,10.4355700287494
5.60867048909693,7.49370021595388,11.6501649131674
7.73352771290002,1.62089994100572,4.77635775930262
2.3370072574882,1.52099297043198,15.253821406708
4.3631180699734,7.95498529347532,8.72910948280699
0.884904385846819,1.72093640206063,3.37369505320558
3.03404907153036,1.75349670902604,12.3207592485132
1.30431275496074,15.4796547354139,5.68041142279001
5.02143833091518,8.63870465436581,3.42098796328926
2.00918096492506,8.54239988054668,5.19132049340101
2.69420031622924,1.70997546220997,2.99222274277769
1.53284555467631,0.759435076800584,5.54844039001768
6.46555809298976,2.44876678871666,1.49596715891533
4.31221189966417,5.9263793292198,2.57679354301167
4.91127133598143,0.705884238907518,10.6764756401732
1.29754434682174,1.76944906112141,8.18409229701187
3.66425463141008,0.919882779497781,1.2304647147029
0.0605345696449686,10.8079361199105,2.05772393215069
0.245056232612013,2.08923579902963,3.99679975275633
1.9425239501603,1.95786351090792,11.0203872002884
3.83318976176312,0.630693617364906,2.37419907629007
3.5220065676309,3.74239840747056,4.04615354699531
1.2262734670513,11.9489800837332,7.47840821805102
2.25934428399739,4.94829227036449,3.40613846806458
0.688214643357381,2.49554926877136,3.33759877686325
0.500900730731523,2.48050177339029,6.68586138441844
1.29330775077268,2.9238902425327,5.56259646171623
1.09621409296158,4.13603094231849,3.72520826724071
6.80445124311189,2.92850393173578,5.13027557925142
0.706998690972742,11.1940550327593,4.50536842801909
2.01740371878244,5.56112352596073,5.27090212267468
2.17946367622885,4.26089515536683,0.631787449245626
1.11445563114354,1.40562909614777,4.77167151236644
5.53126432437369,0.179551362746419,4.41829954533111
3.46042443334074,1.64674467807637,0.683427032886797
0.945390063114739,1.34774239914641,7.42397813439623
2.78119752304772,3.24085122833545,3.33694282102219
3.37481219149094,0.494799765671082,3.82488008185725
1.05064424095627,9.80196527475904,7.66198193510069
1.26238642705045,4.45076005092255,2.1853570954961
3.4669103090114,3.38614944806863,5.76550758010303
0.46561653561249,2.46739358579079,11.1942318663951
1.86850409781574,5.53122019435297,6.94759139109492
2.49323463760632,4.43567773983009,2.95263482148342
4.58208391150989,2.24165640751922,7.41372403329389
1.62392179780068,3.32217260510359,5.82166942124053
1.39511687132164,5.12470187112458,2.35979635153377
0.442561418526747,6.92888149435962,3.80492742214091
3.37814697989004,5.82284740600628,5.55858110359276
0.531616350563844,2.79718777590393,4.58252532695209
6.39257449521205,4.69508761971969,4.75384787398766
5.59974490097145,2.37560425632947,7.12859826980829
6.88162580419556,0.955911134975313,2.44824366746314
2.95256157983848,5.65606806418781,4.18038546895389
7.38898398303946,7.42252319450686,3.50504075283673
2.00725665343308,3.25431109650432,2.96487809913343
11.4460932215607,4.28658792747615,5.46268346109205
0.196957908310816,10.1825640846326,2.47231744497533
1.73804118588347,1.960169950375,5.1538161712057
1.57804801198463,4.55612625357238,10.3993399579356
1.90414429144691,6.29611551451155,4.97706327239973
3.40642637344598,2.71653736549562,1.22138045859999
1.08016795866966,2.49636799140126,2.62849659650454
2.60880438413984,0.6461257355982,8.51543882212641
1.7417456758323,3.06186991752354,4.24192990510977
1.00547392678638,0.317693391671475,17.2105235736046
10.2051913482783,4.08376043136623,1.17129288817584
11.5924477005399,3.75710005556875,6.02064451650468
3.05327317161632,1.99886455133627,8.15168808867006
2.07960910460086,5.41927746017122,3.39705522406684
1.9195476888748,5.37051085115857,6.25093048040091
3.11984535185135,6.77391877137534,3.53746149948238
6.6081734223802,8.05519129353161,0.915329642256413
2.63903038184051,1.73412947809694,3.59725460696343
3.1950817539849,11.9624402138679,5.6093062071901
2.5778740333265,9.50015767539571,2.51347471257408
0.331721276024891,1.52322747872511,9.38637001467374
1.97501725444444,7.11880331463727,2.82358405313797
5.47264979739641,9.27711647682394,7.86988489693764
2.13653057002098,5.10308341893628,6.88728917425031
2.85047327175265,3.5247103600724,4.83677313873976
3.89583975392734,6.39915742603979,6.28723838267338
3.71837585368265,7.87995525856713,2.41969484960048
2.09514844826744,4.03642744294836,13.4724088595484
0.658603494131804,2.90801156036531,16.7089009991782
3.56845777487366,4.72860338508619,5.04559832769505
2.30745906069773,1.22190954290846,2.04412396612585
7.37220247512073,4.25372322765066,2.31626629349906
1.62144982244475,3.69466674073948,8.18986402353779
3.57669076607034,2.3276305358104,6.05150254271689
0.49133970954293,1.53785934658022,4.23219266558597
5.16583831993264,5.57064583212366,6.76677579435211
3.98103197992624,9.45019479899255,11.2455176704493
1.573763607135,0.551378053974512,2.75191473079593
1.77936140990635,7.02475927590416,3.53908904010235
1.07691953614785,5.15607844394881,1.84101043218009
4.74050092844065,3.19722677615963,5.86985773644269
1.84762749478423,0.476534657510461,11.3710986617222
3.62716359357449,2.77865278160134,0.913340497606075
7.55008015582326,5.7322858368956,2.2901554339934
1.26414549843201,0.669491306869301,6.15343189105026
2.67396710505487,2.71296192453142,5.57217119127033
3.54245279583198,2.6141258685676,4.6031059258898
1.33453282170601,1.69066665132677,2.15261480005011
2.26337169584211,9.40356689410713,10.8928728207979
4.07927999310171,2.46397263744726,2.92924642639268
4.09558867967221,6.19030465999424,3.83083508413434
0.261642740643481,3.72828427792316,1.82575564120475
3.86591067355474,2.95781557681632,2.82529618977136
3.9662523737591,6.46751427867503,4.96682146762362
0.179621280312754,4.31277168674197,7.92761959281282
2.09104057222827,1.3469535176675,5.34004310471993
5.45056147123427,7.50449597344428,3.96776240991204
2.54162080324809,12.535054024696,3.45283976691251
8.92512103928513,5.98250420282648,4.54404087895154
2.69943033989575,3.01914896162533,7.38459011249473
1.469695140904,0.592162840715819,2.63355512460413
3.29834210914904,7.05343150470268,5.31078927626941
2.36376894235615,5.1625303479848,2.85984339663888
0.564650175798432,3.40506008607568,5.96256289374078
6.0316067899923,3.34581723662608,1.89007736459781
0.744303093677627,7.63610471707973,8.25875539044505
3.87948810574901,6.54536276542066,4.91179247108704
1.64447493617902,1.62713911272716,20.716413893573
1.20775627096981,4.43992606506973,4.91247661005521
1.46532055968308,4.72679080948394,3.74729642045446
1.84312953724915,3.54169988201719,1.14718892453387
3.09663202618321,2.21628424396782,2.58032728690904
4.36530047389952,2.29053127333633,11.4759702592626
9.45286219640378,5.96358669178339,2.85328788244611
0.671441059574666,1.52028059841687,8.43458006242557
7.43156192837816,4.52769143169913,5.72548301040279
5.61331847159224,0.917116332094956,12.0304210035883
1.41686038124688,3.46792032984541,3.19335554006174
0.46584394041697,3.15220376834029,0.4564283725229
2.93388045104364,2.62200014861977,2.19692382317089
8.62102148242162,1.5794277366309,1.48586757311648
1.64010432338261,1.529428579115,6.30883784140306
3.01983842638358,6.89236158802406,4.00447637621053
2.45984701734501,7.58307066497393,3.5660210459575
4.77516614163575,12.5528082834989,3.71281803674534
2.4168176661868,3.66329003120331,0.344571112548737
4.93139677501504,2.64544981802631,18.6757883400584
2.60283318037905,3.14768024283428,4.68614403509931
2.9976297628341,6.33341178871505,4.92833857216072
1.05459860501752,2.75956678193349,2.01565584335002
4.71066897753784,0.749235742647393,4.2980592745635
0.553326317839522,2.14817847760345,4.59816448900142
1.27569854963934,1.26767410296223,1.24686519453415
4.88737420225143,4.17702425788079,4.41520040179044
1.49887966427977,3.05387301558233,4.94894068823307
2.06730759116288,4.98244907674405,1.4622759825575
3.35043913241249,5.62469140669962,3.75500437523097
0.896919707468824,5.55500330055121,0.620634058637741
2.14941998142716,5.27574925837033,3.22351265918312
1.53379544045898,5.47416156020249,2.85095080091913
5.37122087010724,5.80729862129894,4.94210708669039
3.30315664605032,3.5105691304502,7.19969818267242
2.81337329370996,6.90811866098552,1.16846595208095
2.00487605317591,12.9792348717003,5.81911404673718
2.34188792245766,1.78279323707851,2.52793799227907
0.627762812267697,1.40102996640627,4.08724243474452
1.10536057912982,9.91918598268984,18.0060803831235
6.57709050664432,1.65582995724071,7.10171547662607
2.2582831465999,2.72619043827056,5.17945475542822
1.02079973605011,2.63471048401516,3.65090477072766
2.17531748977261,6.33078604717087,5.08934521272494
2.03525918535706,1.57408212266611,1.0544237106101
3.73274639885412,11.2258549495595,5.58360118764938
5.56902176555928,2.82085847292149,1.87691364894567
2.87634777371512,5.23480281088097,2.48104530652457
6.01333813042502,7.98801288797572,8.79193889366499
3.8260530150895,4.85960639774941,5.3813812889181
5.6190082855079,4.0040673037698,7.58792351243938
2.35431667436974,2.39498529124305,3.3329489646711
2.32399722827634,6.59837462850406,4.90229473322553
2.51693807706402,0.898452429705075,14.3863689366509
1.91002674943937,2.22311585212324,5.47529869457383
1.36401527717623,4.09540756779051,15.8107863914456
0.434608893503921,4.29790999798559,2.07759134301074
4.25618203742137,9.92900244313192,1.9122378094486
0.466493105369526,14.4127343949324,2.65017817454929
7.22050238254132,5.34604463323843,1.89948637801884
1.91915914528338,5.06714375898711,2.39091717466508
2.2288196753415,5.21822752622939,4.28472890023305
2.84797709582112,0.273390098626572,5.50953740654067
2.18493150308642,8.96813201485817,2.71512978516922
4.2728829510064,3.6137401421235,14.0388855878108
3.50246743410843,5.19727233094576,2.81712474167019
5.98888033177408,14.5310607681514,6.33883267501967
6.17282379634851,1.35226620082761,6.31824827162882
3.74579767567284,1.48003869940686,4.54738326338644
2.66522297908792,1.65150652507518,9.73289336518738
2.74111080518472,8.07644629417735,5.81610124922271
1.05065597568531,7.3060541165713,6.78150864018875
0.845141856984702,2.64167015899764,6.11862755565301
0.746113960665875,2.97303944594067,2.68586461891366
6.24238700679144,2.79224638782747,12.0675163825507
4.85405515714342,4.26979327005376,0.88502813745605
3.58808057242253,1.17662591421155,5.12908282162319
3.84719383451638,9.77354277517583,3.1188908668689
2.76115477975561,2.81151508155955,6.71662606137214
3.14196899616132,1.80891576371715,4.73344515437812
4.88290489457906,2.14797654378113,6.29645504085896
4.54656354206918,2.89801414286332,6.53366180457977
3.71611865077905,1.59620058179586,7.34167192456086
5.50597517172144,0.720338697207769,4.11014819354031
0.518140556828937,2.51093926832328,8.9591047350497
0.0644121841925491,5.82000367276545,21.3861271087727
4.68899516765157,0.795738348058808,9.06970014346056
5.60241223104757,11.8244694083118,9.24176630056718
8.72875842236359,0.901752677095919,2.44911717707755
2.41095106887669,3.71395210278646,4.87516721566836
0.136709387100358,3.64136690413985,2.439408720633
2.90193083297642,1.44051332019095,3.99309792043743
2.4002045065019,3.01600808045027,2.38647776233065
7.26568462932778,0.951838329476257,1.03414869856847
1.18658312772487,0.6572719332824,5.3517840364913
2.51092820110995,6.16386374041964,4.59544528458651
0.241696184968761,2.10908439895844,8.66743136383553
3.66512752940768,3.09738067139479,10.7469393736965
1.21605603414916,2.00265827638499,6.31870177890167
4.71899411273938,9.76020817844905,2.55046836081086
0.976909168023258,4.1889981716298,7.54410296791592
1.0690558134857,1.44259991355411,2.78264295236735
6.66882226598653,2.1811012729472,1.29169858211633
2.22370956915737,3.42720793429809,5.51595245065269
3.9814341624181,5.81133612537833,1.97401526380976
2.96535950734498,8.26725120599284,15.322913576067
3.36288953745137,0.252286268710942,8.19775033028363
4.44467967052534,0.833397286417802,6.2068763024194
0.678229545269702,0.74809311840282,5.94147049687553
3.46169581198247,4.18913593365309,8.4917521307548
0.533051102461881,8.71439476477242,8.20203579780604
9.29601801980904,2.24336913925961,3.49076945044242
4.27857243662075,15.7591537681189,9.76863758318828
4.9034300696087,7.18457732644763,4.26135014646036
0.741066402630464,5.94827510640006,11.6776521887613
1.63805344106272,8.14939741515077,12.7055523653783
0.748984813502961,3.09457583009795,2.69938750518426
2.47699078304608,2.95511095757696,8.2742123288335
2.45770108511261,9.65739123964885,4.22748146226878
0.717753808916771,2.32793528455458,9.99378308460179
0.559053502014275,2.37555121944045,6.9059948940323
5.7718594568916,9.54710927020957,4.81156461334206
2.26844688630282,6.19640550501524,13.3052401637924
4.20485724937321,1.49545899172662,5.14239165228699
1.96345277653634,0.78851918184877,3.08939055354945
1.7788516098302,1.78851681771433,7.66790851967026
0.651401397732095,2.11743334889482,10.7924474917894
2.14024348529338,2.60112738090602,2.25603008403893
1.63961568209916,10.3685408779788,1.95649115433991
0.446697246073964,4.97237838289867,4.43567307948936
1.4831786221177,1.42904930857289,5.26332899997343
1.08060477787907,8.16377442696769,2.44027890539681
4.07454706755967,3.4851944102809,3.32137236674477
0.819627758611037,0.75836344970072,3.33089665163137
8.11913856294353,0.153052927623545,4.16066546177071
6.88805380348311,2.31575093098407,6.34959997903231
4.25869154133827,1.06080378084788,10.9292593158491
1.57643278188369,4.12976857858767,8.32275294870135
6.19223135813236,1.44450023619663,7.49809976822589
3.92808427542052,1.0944343871785,2.48834417896743
6.37284646750044,3.98067178343472,0.696888455567423
1.58937896754769,8.26832225487839,7.05581221515445
7.29285700176762,1.89602875347396,1.66038018917399
0.396107547716786,2.51532416306941,5.81294386777975
1.15370932659106,3.25221031279056,6.77932715510063
3.82964727566973,5.83796625318119,7.27675481346352
2.59500955026898,2.13880704060805,4.90279929642004
9.59344505610518,0.744011637539183,3.76791888102612
0.358176425276446,3.38194942860939,4.81975880182128
2.79588383395349,4.77365414821208,8.75805464197649
2.01757701968485,7.90470276862755,4.49512985476909
3.57506154079928,0.870508425978353,14.9543307544474
6.78251558036277,3.40955456440183,4.00665788248186
1.48779246349652,0.76084662381943,6.02745030877708
2.64173455458953,9.06058156719455,3.31786330838781
1.09162012504022,6.17828872824114,16.0021485325086
2.46292648766111,2.4075227957826,3.46314384825095
0.794090318074474,1.54706186361517,2.95987611352048
7.42177646404133,7.4630820483391,8.17436393370641
2.3212340318783,3.64619903136648,2.72378521044197
2.3545732336284,12.8839395652102,16.0764513472722
2.07991440487946,1.89267996838153,5.11566001642593
5.58469980995636,16.3006554611565,3.41161910523351
0.393427628677801,5.7853453357106,8.4247248026805
0.936700108562928,3.49629561531838,4.21584529874586
1.62280480914228,5.20847731486832,4.60159289659929
5.79918497498793,2.24011484442115,11.6234458511441
3.87757252193032,2.03720454172576,12.8336440217768
4.36731819119637,3.52026093622702,4.83226614393426
4.52804482954483,6.99013513379826,2.13392187630847
9.9236383505829,1.79704416779025,4.02190371020598
0.718412276794043,1.47289575016887,2.74525702189348
0.714306702278979,2.00986718932761,3.97888686119245
0.168973194069476,5.47915873264296,1.37329682446655
8.45753422254937,5.0935840076984,8.86266618121212
1.09957309865495,3.39387109550447,12.4773151378663
1.78261535819041,2.39458280318043,6.6592566593945
4.48295718960103,5.81463065696351,2.87176833330443
4.61929666098802,4.00968636685787,2.55972158656017
2.32119088594112,0.604632125493768,3.43097560238253
2.12507462380992,4.81944263232096,3.17380250600693
2.25261497157613,1.86910158854121,6.10701224697869
3.5244201716435,1.63850809448182,7.93202031257325
1.4115558632778,5.0402747138399,5.80964387264645
0.303285875424329,4.474750369892,9.64728978166983
4.92787274000983,1.44833461501939,3.26005440920641
1.76629853779099,3.85328005736223,3.78739103403841
6.05516983134262,2.68135287403609,7.43621795601978
0.207499003221795,5.54799632941011,5.84384708841353
1.42825584321533,4.05989661990034,4.54956340551743
1.14534965049855,2.71071163956343,5.22251664930131
1.44880885011437,4.72219344932067,6.6139335385632
2.22014985041719,0.711920300134316,1.0380328543649
3.96071122876471,3.26858949454515,11.6481670140953
2.93108990538742,6.82733146047453,3.08041503688225
1.85460818169863,5.4997381825365,2.9679981080998
5.60177418305221,2.78498520412761,9.67547442952268
1.09823511344874,2.19285036987679,4.28063004121341
0.838025459891174,3.31046625612346,6.6764227335486
1.33299820080689,5.42614610989532,9.1159405235265
4.97578058455886,6.59499927465547,4.36859998503329
3.23997130110846,0.60806086931099,1.5962215999469
1.96040572312304,13.7353432345966,3.71677612536052
0.763871988252617,2.24791552945177,4.24398366083441
1.55860947093687,5.03879221422006,6.07162535709108
0.395235483689026,2.04387948512462,3.6726724967006
2.75554215356719,7.92089229223412,5.98008781928582
5.87464268173542,0.157572130488107,12.319984319691
4.99191922483204,2.38080678140203,6.70164322992364
3.51946199012547,5.17414772425264,5.17601492255067
2.05535221169156,2.52010207942775,1.47671042541235
1.34357582430842,4.78165947281823,3.90744333315172
1.16079987453889,1.4453746044378,2.57980954178534
7.06958655063873,4.82100093951997,2.95784305148716
1.07033816438378,9.26627948466651,4.48808706891424
2.1164622039628,10.3078177097281,4.88305043339781
6.06596787398152,1.14349273459277,7.0412884596768
1.37590528283253,6.70568854137559,4.24234734237249
3.24917458974469,0.171923685847306,6.66209971111456
2.98270441207204,1.84144039644708,9.11150608756899
2.9979982911988,2.62992822813853,5.4850636239993
2.36643960233032,1.16801842093788,9.94337536290132
1.76942868085712,2.8718198295534,8.23329863469646
3.17951940377873,3.25953743085609,4.12459580665914
2.51021053470031,3.3358396704757,6.69183608788962
0.830891089368285,6.12149732585999,1.70770078494099
7.55401733656533,6.54808450213185,4.2188048634233
1.83422894847989,7.89917345885426,1.61816263703855
2.6055127507717,8.18409251190228,5.25423579644738
2.25349149027282,9.11080863530578,1.9961714113539
1.92494450786246,0.90117642998887,2.67638024950225
2.33935725027676,3.87736487970951,11.4056612747702
3.82247214624979,6.02928503787494,3.20436675980371
1.01390317987905,4.05771499205285,11.8633607881898
2.89934300533612,1.77992439243375,6.45859426207069
1.10440609620816,1.5614876453026,3.67920169749876
4.14170512247868,2.29769561753399,1.59495743463486
2.25746863635462,4.17577595235384,6.06274194271631
3.25588343024368,3.77891902989391,8.29384460487018
3.69790715633387,1.50850121207652,2.58082320590572
1.92753131929162,3.28612494716823,2.00196976929131
0.72758426696408,2.47474815522263,6.7622469902088
1.7753091445635,7.89167287866609,8.11296123811324
2.36528987625463,10.0961302185021,7.76846547490359
5.25262369416683,2.7982587025047,10.0683207789815
3.1627022026856,1.15536198120555,7.40916857067548
0.458357232511094,8.55581142465173,13.5638831269065
1.23821583315885,10.0378306490123,10.5960377657337
3.79693573199852,2.12780426042913,4.60934821736409
3.12221675737782,4.61932286451491,5.1238073414884
8.01270512476676,1.82931370612473,8.01040173446773
3.49890641553989,9.42143885665066,3.536997174892
1.51439196400531,4.27440717264748,9.51106391072762
1.57129803784073,4.66903539445666,4.49788214048712
1.51596160333515,4.11227507214573,2.3831004673309
0.365535937819082,5.82155239621371,0.817971398220558
0.490564005868147,1.53715593010802,3.43273738693818
4.59224748218693,2.95112364965693,0.75775546034854
25.3870207819348,6.33761555056626,7.8383563659454
0.779432177701984,7.63984155720499,3.52493292836532
0.368124706732952,2.18388304454231,5.53072732795635
0.50270118153507,8.38022601453244,2.17338533083072
0.863592240477282,5.29671668900252,8.46419525667834
4.07058321655989,3.56949952496161,1.09668177002118
2.85978500525752,0.987273754208052,2.29236987747834
6.76904741266956,7.0529448506413,7.40897109002797
0.307515874356266,8.63391079915338,5.80380810539826
0.628773134736862,2.34392002122518,13.0082672333922
3.69528091071888,1.13601128599621,2.13367307007895
2.74914045874395,6.78916428887226,1.29787907928974
0.585095214310105,4.06096630347301,3.83448307517535
1.20088175974627,3.79460709056868,1.15956668425131
5.83225864184258,4.96768583002549,4.01134559429628
1.3732122976674,1.69633859458748,4.50531645739387
0.424043547965906,0.700594027832442,3.78661840070399
1.14466794049113,3.90135898762022,3.33823852553539
1.57905800819859,2.14623974981866,3.99750152830648
5.51819294449937,8.50267722887824,9.62160660037047
0.564489749412284,2.96303779195074,2.85927573491516
5.15669140386882,6.08076418584034,5.94596057581889
5.52662289467908,3.65534868554704,0.211248906593706
2.25612883855845,6.24318928007848,3.22547696768242
1.2084802648689,6.03756342455271,1.04702146510561
6.40998664771547,6.2360458783693,9.6704545645365
2.05069461856156,0.787479172248714,4.44317989580484
2.58648226609704,1.44464100535286,6.18085114895353
1.37197260110205,1.7312321329674,1.59266111335023
5.65204876578785,3.74916343878899,4.395561093437
1.10006497034858,12.5399156154159,3.15419258191071
3.67295124225124,2.89143548446204,5.9079452622559
1.44949360131324,3.11473847741823,9.06215167758221
4.04103220515196,7.75981632456417,5.43146580037547
3.68696989597396,2.60910042901231,6.45990825642423
2.50110135947836,5.0934585412673,7.40109736671815
0.859107148814616,1.05694891397587,9.88824209811204
1.63985990384255,2.56551720218666,6.04528311437689
4.9351010343608,17.4949215042786,7.57197096847772
0.415110097247399,0.78542709407892,4.05640511667753
3.15018924536892,2.4966255145356,0.698528936382067
3.54192637738162,2.77734297687625,6.76588892415246
12.2464352328961,1.67346204454113,1.05346929902709
5.66634526745595,5.88543836013898,5.94041911093684
0.37757914941729,3.8047260274576,3.95485790454376
12.9206707510782,1.38039863191658,1.32870539641784
6.14781591401134,5.96564166431302,3.91106019788397
7.10495548316804,9.82509447323637,2.39376656355127
0.945376095795533,3.73033453895705,1.58024382479507
2.78553888979418,1.65960994368779,2.59094623615993
2.1952763696073,6.51028935102005,1.80825280449156
0.581546291989532,3.45265440286381,6.25047532856778
3.18422857375595,1.71176030282264,2.02651226261494
7.39466440756315,4.32890742790197,4.1520484362293
1.63237213981721,7.01910395406031,1.63698617533564
7.28802317535108,9.14439489292345,2.23753952100512
0.836045135959638,5.41644685090722,3.19437097261084
7.20625521394146,7.8231792838963,8.49950875870177
8.29511152804032,3.50376078363769,0.730818078244755
9.05856599558424,2.86173104901494,4.78067505674931
1.05120502797752,7.12645102877257,1.93490896667353
2.44448422447453,6.59654072852914,2.98609343044661
1.82591714646338,6.22368193439866,3.97769043237771
0.990150985123431,3.77356624753489,8.25469740466924
2.00398630724778,2.44659434841456,6.01795275916578
7.98728376157704,4.12583490530669,2.24368999454631
2.12360033721789,2.79948728994213,1.97832561171774
5.71311519203081,0.836778951587249,1.05124478939529
8.88206840753205,0.15152045160498,2.22615305485581
2.92124208686842,1.24258163150459,8.94911062081492
6.17179415302637,1.63684812806628,10.1477812632614
0.568616417323753,1.61323001882474,3.37296177426481
3.91849438541739,2.2688536426483,7.52107310163086
1.9229130707331,6.78271528744883,2.96788505487901
1.49586159546631,4.4677681216285,0.898642470983711
0.536585210148602,5.76898736789413,5.72939164311024
1.43466255445316,8.81253037544571,11.6305567421144
2.10492364897645,6.31037341585285,8.13893243524448
1.78552227580474,1.13718144109989,9.41315289431292
2.53649019914414,2.19524457442932,3.48602250506648
4.77099232506488,3.47252310413095,3.24330774278126
1.04451241423889,4.94348612259718,6.26716701542763
6.81134671132494,7.08412489479668,0.732243143617564
10.5782278441727,5.8211251038156,2.78446006390984
5.79296281546303,5.51068920360973,5.93096764872336
4.38289366134239,5.82178315971474,7.43207681245475
0.174476919719951,1.86831920195544,4.52349291840406
2.86795288600759,0.362505139591779,5.78269975816244
3.2340465900038,13.0127277825081,7.02173475648155
0.344159635641714,1.98034200584814,2.6513216516472
1.33195441319867,2.10683099823139,3.13585996613255
3.39495428846214,5.29720351995357,2.77226261274012
1.545003980013,6.26471455563838,4.51912201696785
3.05759752016159,9.79246686696543,5.16091897559068
0.486964955626123,8.87786360200397,14.4582084841787
3.4042720663071,3.75664682231576,6.39130645149053
0.503668880543127,2.77306520649545,0.947900715251137
2.62942891345954,10.0408858540868,16.7654591899998
3.6227749237208,2.3466264999595,1.89669347931334
0.332978265401667,2.34232370673269,13.448750908055
2.12570394736544,1.65109916147434,2.59213083117404
4.96696846924267,10.2048842442183,5.5243209142686
3.46609071728284,2.60063221323909,1.01631982547166
4.14120736717806,2.03147824472714,4.9640835215883
5.40296620459687,7.03066626892252,2.81289972013234
5.52038615291938,8.25684414648854,3.36594136224279
2.29395776945511,3.25321921028498,8.268690360689
1.52547864701161,2.38283291485018,2.29680997920577
2.37849815517625,6.71357788680022,3.67290907482542
1.17612528719774,2.83756718479511,7.28558886126472
0.866359617309947,1.96709144541103,4.63198100681604
3.18794473306626,3.86459744631413,2.4786500942084
0.661552265595542,11.9603916931642,4.10638980031433
5.65523229924397,5.71274192685184,9.71220255645354
4.69664365176582,1.92193316720371,1.77286439399511
3.87161355275937,3.10137422446832,5.79363226938622
2.36088144000825,1.4283861741208,11.3495553213198
7.99674246432241,7.36802205615627,5.27263019678297
3.51767946376702,1.64431431731823,9.70354429117268
2.63258657959912,1.93734859477536,3.94804707347932
1.59368709735172,1.18149000341043,8.12999557817993
9.50802422014255,2.59951966484516,4.83180437801792
0.421257669857302,7.67426795694235,5.41833604743871
0.664433170747594,2.75595711061682,1.66304650473981
5.56171257775132,5.25469696112595,1.92463308320491
2.15667503219349,0.724677565605217,6.07449826089476
5.59555056356522,7.51317086415519,5.99980451583265
8.74930611675551,3.55833519154459,11.943514759185
2.91675717061039,9.42907785217267,1.48230390648908
4.39057430900517,0.335895628618972,5.63810184945866
1.08847982502288,0.377611413079539,7.07971378055416
9.23314161782481,1.64643371855094,4.46799549869475
0.749068193327089,6.83650498310255,8.85418620423893
3.09934112803532,4.3723499726391,3.60117057549029
0.829119030857957,7.46850635833771,3.41480529967238
4.19100696941492,0.71598837855978,3.17218120878842
0.834833738924859,0.914983771335793,9.39109300940823
0.622949048667773,2.8742030886497,6.58043173953395
1.98709326761493,10.4728855958694,3.37297241242151
3.54277315371374,0.170012029909462,9.72201597149977
4.36690917925609,0.174040250556815,2.69682654666194
11.1975631506745,1.68562058337136,1.65476112330835
1.80809743693235,1.97165636324592,2.86549983491363
4.76934100108229,1.30580488062667,4.34072629384935
0.211701512458584,2.08952950972208,5.52867088467626
0.691371671674418,3.42702225808026,10.3662909733732
0.530470268276233,7.99770418951022,7.71315053602946
0.882340877108463,1.0916984210009,14.9634333054918
6.53764749504644,7.11026684554439,4.85368775062438
1.05148895147751,3.0276006939989,3.278755766692
3.13261056206833,6.74413922970008,3.23347588667818
0.763751195090018,10.1891554549417,3.95857275363206
1.56042448465452,4.2621005159576,3.63833062522101
5.25570229708263,7.05835954313612,4.6077631979934
5.28946333927983,5.98970933761266,3.694219962217
12.046703503149,6.86349595307631,4.039944067273
0.796981018499305,2.88437017892807,4.83982728603331
5.22169320330309,13.8338940578818,1.46790016838049
2.65382738181757,0.972220197204151,5.76121384964206
2.01422349952047,5.31011224879968,4.41402446125636
3.0040091571974,2.18502039687356,5.43333126864444
5.48277758146097,5.39693371121636,8.53967426517324
4.91785827730517,2.62898334259616,3.09974247462037
0.785957700476651,6.26375518397814,6.83159873912689
1.1137257426994,1.09660375516727,8.74782957801378
1.15776211964075,3.47909194676424,2.16438735191297
0.138469193819119,8.810517414152,2.70742019490981
0.0870314204795945,4.68204519622491,3.06333508870441
4.72202259340831,6.4942270211208,4.93665606787508
0.123064908020343,2.0092450431145,12.267197653976
1.59905639551114,7.11778362941003,2.62022156635135
3.69826390773687,3.67919681262993,0.9823552365283
0.243535920140557,3.75522411780088,3.7923921474263
7.17634329442514,1.05796090721366,8.25676213367734
0.388047063722564,2.3174632229311,7.35527137920038
4.19489651936058,2.19760342101252,7.23415555780827
3.49092375568415,1.90762129365954,16.7919998779677
3.26048941020576,7.76970709195499,8.89354085385962
1.45941193118588,0.964638265374062,7.89106968881293
4.63955558198786,7.09914213602451,2.06826542276114
7.6058874299329,0.281838021183664,8.0999103947508
3.24958972198368,14.9138245738813,2.27960860426281
3.89719691899204,2.09378586421472,4.52120890030819
7.09443384512844,5.66770050961599,4.51382990097951
1.67753911828125,2.74251776425163,3.46685779818958
1.30788381402593,1.22365959835449,10.7214087875692
0.420284765891219,1.1985748701812,18.5775803057653
1.63558816628053,3.97696974523259,2.16129500484563
0.498629553873705,10.2917645496339,5.0491470820531
6.53069422699226,0.746946812205514,4.33561646861896
2.04251264257129,7.45260370928298,14.7900468866963
0.849749189503362,3.74092985663981,4.81733621900949
0.912066774488304,1.00877697227733,7.20667762673343
2.52472432571949,7.17590904296035,0.464207480557849
1.41842023342196,2.75728050120229,4.61850130322465
8.12245521289824,5.36736193158631,11.040410780219
6.10296506096256,0.554282285721928,2.91414498626405
3.53585195590884,1.31384345161077,7.60231502450294
1.97220211742479,1.57570729421046,4.86592098149917
11.1210641790137,2.17509431646958,3.14719817657635
4.16300906227978,1.64690065043466,2.52894195151999
2.5136316084759,1.85568543637647,8.35247726579104
0.0866203077241123,1.78667912775994,11.3244954396693
2.17773742225828,2.41096659327046,2.81509777859191
7.48557756054145,5.1180760211761,1.04019888503189
0.526916928894645,6.15015595307552,1.49753057282193
1.87971375104315,6.75632709112504,1.14470913050011
1.97467081158324,3.03403581756355,2.21230067057643
4.13607554009653,3.78603080492368,1.71063699180835
2.45582681356935,8.50333334961365,2.80329908632318
0.595073437869665,4.05301717495959,9.25185796051375
0.851934080415076,5.80060169013892,4.19546247711608
0.688750509418268,4.89701827723259,4.59528604994963
4.49739058588624,8.80434331852245,6.55542667900005
0.459526748319537,1.13349932862645,5.96339935852281
4.53885017146723,1.77126800387132,2.54004219212316
6.87836004840316,2.92784735098653,4.97812205789224
2.45650380315584,4.83863380675203,3.79117545191881
0.107344083254116,2.37284911224059,8.33053324330183
11.6810390444987,1.74274563808864,5.5123312368041
2.6245854153106,6.60782343720399,6.69957247935954
2.20062500598851,4.26863682241567,1.77588669464887
2.05371338140678,4.10601353894378,4.1397299700233
3.00217766397005,8.77845620979341,12.0369344366871
1.82745962295541,0.982282415426033,12.8806816490137
2.30112827347332,7.40222068228706,2.59994862618798
2.1515000950619,8.93610653725219,10.0683908903597
0.508026082949036,4.16590150397508,5.73346716712507
2.83168979761697,4.439727581964,2.28291215804907
3.48406233915134,2.57442663278653,5.98099962477533
1.90178695086956,1.82242793145738,2.34075929722132
8.08740037274267,4.16633667362379,6.40980309445584
2.20623396650748,0.796154001728142,11.2023259946158
1.37540349545015,1.1372549920499,6.66008364920906
1.08902578094034,0.586098779688772,7.02223154016798
0.683125571172774,2.88093334200372,2.58338516833035
0.418831810898668,7.8142380093783,11.4209890113047
1.25533878345036,5.01516152252393,11.5823558114554
6.74542546715962,5.38417725243085,8.6919209955081
0.2673149357188,12.2117761696677,9.48374802636476
0.781520314481648,1.63448074074533,5.74959241285884
1.38457476271662,1.22233110430418,0.84184012837638
3.25201208255543,1.23939109951679,9.15290343388243
6.33648641913233,1.74521519072939,5.18545059406026
1.15529174268879,2.21965405526237,2.42331283225624
6.99066308733326,2.37840315360723,2.97793458721895
4.92540457559366,5.5877028987004,0.97258493406387
4.31791354554296,5.81028909183394,7.84510123241931
2.66718303669978,1.90486733520283,8.70732960095252
3.10583779275712,5.1177228499353,6.75269921301777
2.16647081240456,4.85448196703865,2.9323014505887
3.39947527863335,2.41695118761265,1.61219783987211
0.466313203876474,10.241890029857,5.75855989353594
6.02529722679658,2.91167041491297,8.19177523200667
1.14569049139646,0.848685583060733,1.41163819017835
4.2176217895067,1.99991757336766,5.00039187553951
2.20937811958417,8.57032452639607,4.10783999589769
9.21860166212282,7.47056058113573,1.99807153497917
1.08134364710239,13.2418306584709,8.08570392594189
0.433364241186682,4.54628064634107,9.4941748059405
4.99462292517747,6.24608190300051,3.26615447691252
1.13451323991045,5.30663432821851,4.53748535236433
5.45491134565237,6.25968693952508,10.4462685941045
0.36538280948277,3.40201683397515,3.61631717817192
1.61215639376517,1.54070068178308,0.917489726020335
2.2829923299213,0.698316374417623,5.08658599054165
1.80941329618759,2.73937608748927,8.61559578438456
0.53873542269263,1.83876660945904,4.50481517590129
2.69249138070855,1.25598038440117,3.27830299515622
2.10660167556944,2.39536848089432,1.23211922293278
2.5411826186427,2.1124314791302,1.86112037582933
1.08391394384579,1.49951596078482,5.60173932631871
1.46701110581212,3.13949711926882,5.15387796133512
3.93872642480784,4.75888284045885,9.76243565071428
5.15116306726024,6.42366708433603,8.47033977554379
0.115487760804621,1.1407386591487,3.5924048527964
0.607908432474387,7.6790723258533,2.40772175212655
9.18233672424861,3.0928872543409,1.6701546548584
3.32151119274255,6.09161766375541,3.82566095878592
0.324178665592592,2.1368111462888,4.56867583282372
6.95010151854247,1.57772977104749,1.94979248750548
0.428870477621856,2.86923033793807,7.56546405646299
0.972115016002049,5.45705128287658,8.81552277611292
2.42648823403792,0.771807270303229,2.20552005249011
0.0941136592229954,1.74612974177578,9.94488567396389
0.563329595774975,4.58190727361599,12.0246411007789
6.19772931146275,1.59072352375134,5.07672052144392
1.11820588575893,6.38314943570147,3.90166400570073
1.75411200564393,5.18821406220782,3.05147051429175
1.80857426172864,3.65381979567809,4.37530985010083
1.10325364491129,1.9029209681509,3.82193273888994
3.13316098449169,5.91172126731994,8.04948422370335
0.199202732642165,0.739893614590562,3.86628098747774
2.0895507126334,1.62542714086359,1.53356801564815
4.87702065374269,4.75577268291375,5.93207176710975
3.62864641333712,2.09049949491663,5.1257323994176
5.40922008940623,2.27664717076921,4.41930656381696
0.202709992814942,12.0493603917443,6.59012460007083
1.01532977728194,7.624063312057,2.14967027712746
2.88732971237671,7.58539681474533,9.77156800384008
4.86933618936076,0.789037541454727,6.39179900636721
0.136114141273385,1.89477678204928,1.23054528148652
1.07495711241965,4.39234230932892,2.6163261291137
1.24722335707262,0.562733096552053,7.31118412400566
4.07940113507361,1.75894426892919,0.964821065784674
1.41808092463192,7.24466349377799,6.70498464989765
1.74441853288886,6.03478599647692,1.84179122047885
1.9003132998017,1.58627977911842,5.65743049071393
3.06160500070555,4.24999100111328,3.43241038115218
2.80198651271512,4.61829743670522,9.6440422174135
4.57808380667205,5.387853648493,4.90009974318541
5.25808195324444,3.3546957920057,3.50635014144487
1.70209337789193,7.87773516394908,2.06384441726857
2.296725094015,5.9483606393211,4.68901169497891
3.70004540601643,1.26492664856404,8.85289459120507
0.945599700546665,5.57213583792361,3.32405011374553
0.0876987697571287,2.75813138000972,2.98412215461689
9.21241379829499,5.00249370861223,2.98121763887994
0.556080384719154,9.92223191934772,2.54107143506838
3.79613743020293,4.61735581557307,2.41678233868202
0.718675845449492,6.74529213188725,2.76412521577726
2.45623267942304,4.04705071837031,2.81922041724102
7.44834555433342,1.30193857457071,11.119016143578
3.1748092005021,1.31907786275766,3.77193615715298
2.12223389833839,1.92391311690871,13.0010268157752
1.56886114392876,7.16251870543299,5.35342765137481
1.03346374181271,3.57299918106661,4.58706082567622
7.28831667715861,1.60769249928219,3.21084455175675
0.40932723398297,1.2701902460845,4.92228466315686
1.94781931054355,1.77674677419019,18.5793827884133
1.60089717458433,5.306307622971,5.52862724804014
4.24917177889656,1.87148115790224,4.76115305257622
1.26511597660138,3.38668636251034,3.52360496501568
1.21421544391279,2.76615069553392,4.84658824722739
1.50338755570892,3.89542038176447,2.46739648189618
0.847283591559785,6.09759574368396,5.72377342781552
2.02499051190675,1.53859472248407,2.33573276389087
6.15835782674448,2.86683781048169,5.19182301982448
2.40737074369571,2.59794464095522,3.56996188303205
0.770463636648664,4.61000244364124,3.09016160821365
1.01686055170539,25.6683528907356,4.98680848995888
1.4371228245442,3.69626362099781,9.99023852660686
2.52948199150028,7.09564721278611,3.0098631765626
8.13185922652682,6.21664296743112,1.1244736307304
4.88320808271961,1.08582652046636,3.2448946876266
0.948391844557664,4.13096381528825,4.41932613430478
1.9773874135665,1.31306485613272,7.32422435215374
1.50296829825243,3.92315979277988,7.9792606249014
3.47951494467197,5.61552527837273,3.5588131239669
2.43540244221971,2.01645711184484,2.63112878090615
2.22731535753336,3.87382819204193,6.41516545871207
3.45109695355502,3.7907052302482,3.83013682702924
0.20173367501893,7.05097226526854,4.83896958678798
0.657544773928734,5.47068956273477,4.41668484062271
1.19034459585446,0.990690877512775,3.27143066321006
7.74164042263204,4.07725129862307,1.55675242874808
2.15037008252873,9.14158601572679,2.09327601205326
2.13230926897637,4.97876240523719,5.16147828774801
3.0319197389446,2.8900656011274,16.9955713246683
4.12462664168044,3.99488005897641,4.14300529161379
5.22596989073276,0.544767338925708,5.80449109585966
3.09365868693926,15.3412068241393,2.65750648960925
1.17152564836663,6.48992126728499,3.59457371853681
0.648279666928021,3.27577010929941,5.45104802680595
4.87489317058094,2.9862972859942,9.14185172105097
2.0404340143131,5.80993423832207,10.7365653512556
2.04236609852566,6.78951995579822,5.59298347385033
7.61483373350944,5.72538711264663,6.03115011733001
3.61807080882802,3.50672214392661,2.62163354505688
5.49833118693107,4.20180907855107,4.57104455231811
4.31881310864715,2.69216707101192,7.03354892176678
1.26532367376157,8.74829071448943,3.30113227925684
4.42486433928747,6.75737547994662,3.49922058051927
4.20382143322367,3.13611560193043,1.6132131688015
6.15663168711308,5.82736656862186,8.08280605221075
5.66232930378835,4.6599354008137,0.925491549197391
2.73278374465716,5.71155741987109,2.03394784303183
0.094235933554599,3.78637925270948,7.40971822290347
2.15588850910611,0.906502480682745,0.984163998218666
1.03035003196285,2.43960045748879,6.50001478059573
0.447177103415468,3.64551861167629,5.2741142174005
1.56641323960045,3.35619763233422,9.36868729629641
1.86567103973129,4.0298801573857,8.62701132279205
3.1362297213645,8.53997755918765,4.11155744598483
3.7793546325327,5.42390827720933,2.46302490121587
2.42300103615686,0.96291192206841,11.0116210475357
2.50166738756924,5.82228264634715,5.23394494578369
1.79958778400552,3.15587627224056,4.21209459189935
8.37329432265976,2.49125738586091,7.89899987761048
4.84611127510445,2.96039260646212,2.79042584331569
2.97423818388557,8.02542417132997,1.94463713557813
2.84477236528,2.77088640352907,2.07908505011243
5.50105222408962,6.36407428945752,5.10099734627324
0.159301654056946,1.55357057642664,7.32138158519504
1.73878086733679,9.29062193989395,13.2746174281309
3.38414970355294,2.61320050297938,6.91956034853613
5.08680995327405,2.90137818173352,2.9666137252747
0.660072875275549,8.56814347779017,10.4182628522451
0.950152200225478,2.3355697353701,6.06358049815791
5.273976775244,3.10253671130586,9.25843942725703
2.01415501473159,3.77165239479182,2.54766746906712
3.41427428636596,1.79635953512872,6.12036989296038
2.93026143996932,10.8840198104832,7.5631625720649
1.28642325746169,6.01854159749451,5.10280101842332
6.50562596756569,7.88721901214009,2.01065345195239
11.3855019328673,6.42937708808913,9.37683043071799
3.66113411319643,4.43383963275687,10.4165517896901
4.03136588757975,2.46264318059921,1.63635080874137
0.971439302807301,0.249428183685925,1.52385358878427
0.0173498148756254,4.84049346896562,7.40533020510024
0.835316452906244,9.27366814411654,5.3287990853994
3.90485277556517,1.23347229060987,2.45761088584721
1.17736320031551,11.1111831965672,2.82153417816916
2.77668273334829,11.3454507199394,5.6852348131797
4.23574124654726,0.588330080700625,9.5267402689542
3.59713531436855,0.967575607162713,1.05955134615465
1.74801630199745,8.2931351507584,11.4256437651003
3.03732516546302,1.80208937893995,6.0345387771621
0.841577244421228,1.19441597217409,0.958101948496033
4.30356164254872,1.35326954636611,2.31954847117263
1.90455610950562,3.16396582961131,2.9248590228976
6.20207947923834,2.60295901007356,12.7437678639592
4.04278591702885,11.0086298503553,5.43183147573214
1.422371315945,9.68885677292652,5.92592435818882
2.34405629839902,2.8487621165564,2.27632572773562
3.44188480137756,6.8379710824628,3.43764183529996
2.91561583687383,9.03032071536839,6.09780476580318
9.11755978347114,1.53637143404524,6.50714881016084
3.76240350960666,6.27044732486378,7.97456389940599
1.53260884564191,1.6588258449138,0.520298482034454
1.7629002769874,15.8966577852303,34.8122648448309
0.951865997040684,3.95432971259222,2.88696265663042
2.46472699199281,0.582249013041415,3.04168325647049
1.59246759297191,3.8547097172701,7.74532999302689
0.57045111699918,7.20972738988988,2.67712827699906
1.30910823322736,7.02007187846043,1.0710305803371
2.14698946885852,4.9251382789318,2.88330153346759
3.55259606852782,1.59613531012273,1.10561796516772
1.36439753031478,0.779770486735354,10.6870327518245
1.88022150089019,6.06536445218821,4.24283890785382
4.26565426695753,3.90048178237119,4.15401851254082
1.24261784924911,2.34501732012163,7.85862727051803
2.15429305190654,3.68445639230259,6.58508372324283
6.46737969310909,4.99122532773083,5.19985333596523
1.4162352799804,4.17379149419566,3.8611228783059
2.58468583501376,4.17819944368107,3.4342749582799
0.492225835062779,8.36492419044303,1.83956978678104
1.10211962628197,4.36100381015353,2.14707208224383
6.97662157547108,5.22209018367299,4.81742097699696
1.942102444262,4.77143539794437,0.856605962516954
0.546001886580035,4.68966164221276,0.482695617668001
1.98575470595868,1.85071353874223,6.40228054355864
2.64507655502563,2.53755152260595,1.98011813277879
5.83852668858637,1.47699878332996,3.978907700905
0.864424638117964,8.13334074405295,2.40349081995755
1.35640329381313,7.35404109547185,2.45882390655487
1.06077264012154,3.17731775874353,2.29451516709996
4.21562662687257,5.87137310045808,8.94141868529595
4.18728623046507,6.88877390180974,6.48460020159411
1.29551773645982,4.0097986704597,13.7842769807558
8.21008565998739,1.68765948928136,3.41599625562077
0.524485792708472,0.660236529676257,3.52164653229821
5.19488552935991,2.20523207191903,1.61921541980325
0.203503154930849,3.98016039596867,4.33945729500767
1.6516856907105,5.25135563362509,6.81673433192566
4.89091158569442,3.07080690171951,3.67399573076612
1.2916603081719,0.87198176732341,8.47415337865726
0.722764251660699,1.37287931473849,14.2418628930261
1.7857580499744,4.00277314730364,4.43590051335301
5.87952439706731,2.46375405434473,9.70472375640142
